{
  "project_info": {
    "project_number": "279036889720",
    "project_id": "fir-b824d",
    "storage_bucket": "fir-b824d.appspot.com"
  },
  "client": [
    {
      "client_info": {
        "mobilesdk_app_id": "1:279036889720:android:7a99b7849fc6d4903fbb8d",
        "android_client_info": {
          "package_name": "com.example.firebasedemoapp"
        }
      },
      "oauth_client": [],
      "api_key": [
        {
          "current_key": "AIzaSyCOu50ThhlBkNhxKAiwSF7hR8GrpdIfzw4"
        }
      ],
      "services": {
        "appinvite_service": {
          "other_platform_oauth_client": []
        }
      }
    }
  ],
  "configuration_version": "1"
}